{"loudness": 10.788569230769234,
 "liveness": 0.26841538461538467,
 "valence": 0.6357999999999998,
 "tempo": 128.80066153846155,
 "trope_count": 3.6153846153846154,
 "duration": 71.9076923076923,
 "number_fights": 2.8461538461538463,
 "danceability": 0.5830923076923077,
 "energy": 0.6992307692307694,
 "speechiness": 0.07388153846153847,
 "acousticness": 0.6571907692307696}